{
    "num_parcels": 2,
    "camera_intrinsics": {
        "fx": 1100.0,
        "fy": 1100.0,
        "cx": 320.0,
        "cy": 320.0,
        "width": 640,
        "height": 640
    },
    "camera_location": [
        -0.07336951792240143,
        0.03572966903448105,
        1.5
    ],
    "camera_rotation": [
        0.0,
        0.0,
        0.0
    ],
    "parcels": [
        {
            "name": "Box_5.002",
            "location": [
                -0.0028415697161108255,
                -0.074435755610466,
                0.0030918121337890625
            ],
            "rotation": [
                0.0,
                0.0,
                3.4794318675994873
            ],
            "bbox_3d_camera": [
                [
                    0.07162831723690033,
                    -0.014516279101371765,
                    -1.4999996423721313
                ],
                [
                    0.07162831723690033,
                    -0.014516279101371765,
                    -1.4259870052337646
                ],
                [
                    0.1270337849855423,
                    -0.17222842574119568,
                    -1.4259870052337646
                ],
                [
                    0.1270337849855423,
                    -0.17222842574119568,
                    -1.4999996423721313
                ],
                [
                    0.008800908923149109,
                    -0.036588020622730255,
                    -1.4999996423721313
                ],
                [
                    0.008800908923149109,
                    -0.036588020622730255,
                    -1.4259870052337646
                ],
                [
                    0.06420637667179108,
                    -0.19430017471313477,
                    -1.4259870052337646
                ],
                [
                    0.06420637667179108,
                    -0.19430017471313477,
                    -1.4999996423721313
                ]
            ]
        },
        {
            "name": "Box_5.001",
            "location": [
                0.21401436626911163,
                -0.18901154398918152,
                0.007068634033203125
            ],
            "rotation": [
                0.0,
                0.0,
                4.1130452156066895
            ],
            "bbox_3d_camera": [
                [
                    0.28577083349227905,
                    -0.1287519931793213,
                    -1.499999761581421
                ],
                [
                    0.28577083349227905,
                    -0.1287519931793213,
                    -1.3304299116134644
                ],
                [
                    0.3709754943847656,
                    -0.1869615614414215,
                    -1.3304299116134644
                ],
                [
                    0.3709754943847656,
                    -0.1869615614414215,
                    -1.499999761581421
                ],
                [
                    0.19588300585746765,
                    -0.26032590866088867,
                    -1.499999761581421
                ],
                [
                    0.19588300585746765,
                    -0.26032590866088867,
                    -1.3304299116134644
                ],
                [
                    0.28108763694763184,
                    -0.3185354769229889,
                    -1.3304299116134644
                ],
                [
                    0.28108763694763184,
                    -0.3185354769229889,
                    -1.499999761581421
                ]
            ]
        }
    ]
}